"","x"
"1","abind"
"2","askpass"
"3","assertthat"
"4","audio"
"5","babynames"
"6","backports"
"7","base64enc"
"8","BH"
"9","bibtex"
"10","bindr"
"11","bindrcpp"
"12","bitops"
"13","brew"
"14","broom"
"15","callr"
"16","car"
"17","carData"
"18","caTools"
"19","CDM"
"20","cellranger"
"21","cli"
"22","clipr"
"23","clisymbols"
"24","coin"
"25","colorspace"
"26","commonmark"
"27","covr"
"28","cowplot"
"29","crayon"
"30","crosstalk"
"31","curl"
"32","data.table"
"33","DBI"
"34","dbplyr"
"35","dcurver"
"36","Deriv"
"37","desc"
"38","DescTools"
"39","devtools"
"40","dichromat"
"41","digest"
"42","dplyr"
"43","dslabs"
"44","DT"
"45","dunn.test"
"46","dygraphs"
"47","effsize"
"48","ellipsis"
"49","EMT"
"50","epitools"
"51","evaluate"
"52","expm"
"53","fansi"
"54","farver"
"55","fastmap"
"56","fmsb"
"57","forcats"
"58","fs"
"59","FSA"
"60","fueleconomy"
"61","gapminder"
"62","gbRd"
"63","gdata"
"64","generics"
"65","ggplot2"
"66","ggpubr"
"67","ggrepel"
"68","ggsci"
"69","ggsignif"
"70","gh"
"71","Gifi"
"72","git2r"
"73","glue"
"74","GPArotation"
"75","gplots"
"76","gridExtra"
"77","gtable"
"78","gtools"
"79","haven"
"80","highr"
"81","hms"
"82","htmltools"
"83","htmlwidgets"
"84","httpuv"
"85","httr"
"86","ini"
"87","irr"
"88","irtoys"
"89","isoband"
"90","jsonlite"
"91","knitr"
"92","labeling"
"93","Lahman"
"94","later"
"95","lavaan"
"96","lazyeval"
"97","LearnBayes"
"98","libcoin"
"99","lifecycle"
"100","lme4"
"101","lmtest"
"102","lpSolve"
"103","lsr"
"104","ltm"
"105","lubridate"
"106","magrittr"
"107","manipulate"
"108","maps"
"109","maptools"
"110","markdown"
"111","MatrixModels"
"112","matrixStats"
"113","memoise"
"114","mice"
"115","mime"
"116","minqa"
"117","mirt"
"118","mitools"
"119","mnormt"
"120","modelr"
"121","modeltools"
"122","moments"
"123","MPsychoR"
"124","msm"
"125","multcomp"
"126","multcompView"
"127","munsell"
"128","mvtnorm"
"129","nasaweather"
"130","nloptr"
"131","nortest"
"132","numDeriv"
"133","onewaytests"
"134","openssl"
"135","openxlsx"
"136","pbivnorm"
"137","pbkrtest"
"138","permute"
"139","pillar"
"140","pkgbuild"
"141","pkgconfig"
"142","pkgload"
"143","plogr"
"144","plotrix"
"145","plyr"
"146","polycor"
"147","polynom"
"148","praise"
"149","prettyunits"
"150","processx"
"151","progress"
"152","promises"
"153","ps"
"154","psych"
"155","purrr"
"156","quadprog"
"157","quantreg"
"158","R6"
"159","rcmdcheck"
"160","RColorBrewer"
"161","rcompanion"
"162","Rcpp"
"163","RcppArmadillo"
"164","RcppEigen"
"165","RCurl"
"166","Rdpack"
"167","readr"
"168","readxl"
"169","rematch"
"170","remotes"
"171","reprex"
"172","reshape2"
"173","rex"
"174","rio"
"175","rJava"
"176","rlang"
"177","rmarkdown"
"178","roxygen2"
"179","rprojroot"
"180","rstudioapi"
"181","rversions"
"182","rvest"
"183","sandwich"
"184","scales"
"185","sciplot"
"186","selectr"
"187","seplyr"
"188","sessioninfo"
"189","sfsmisc"
"190","shiny"
"191","sm"
"192","sourcetools"
"193","sp"
"194","SparseM"
"195","stringi"
"196","stringr"
"197","survey"
"198","swirl"
"199","sys"
"200","testthat"
"201","TH.data"
"202","tibble"
"203","tidyr"
"204","tidyselect"
"205","tidyverse"
"206","tinytex"
"207","tufte"
"208","usethis"
"209","utf8"
"210","vctrs"
"211","vegan"
"212","viridisLite"
"213","visdat"
"214","whisker"
"215","withr"
"216","wrapr"
"217","WrightMap"
"218","xfun"
"219","xml2"
"220","xopen"
"221","xtable"
"222","xts"
"223","yaml"
"224","zeallot"
"225","zip"
"226","zoo"
